User,Title,Date,Time,Duration,Descr
AdminUser,Xmas,12/25/2022,12:00,6,Edited Descr
AdminUser,Cool new test task,11/21/2022,5:00,3,This is a description of my cool new test task
AdminUser,zzzzz,12/22/2022,4:00,3,djd
AdminUser,888,12/4/2022,4:00,2,8789878
AdminUser,33,12/21/2022,4:31,0.5,fehwuru
Uzername,Erin,12/22/2022,18:00,0.15,Yippee!!!!!
Uzername,Erin 2 electric boogaloo,12/4/2022,16:00,4,double time awh yeah
AdminUser,Test2,12/06/2023,12:13,2,This is a test task
AdminUser,Test3,12/27/2025,8:00,6,test description
