User,Title,Date,Time,Duration,Descr
A,Xmas,12/25/2022,12:00,6,Edited Descr
A,Cool new test task,11/21/2022,5:00,3,This is a description of my cool new test task
A,New,11/21/2022,3:00,7,yippee
A,tootle,11/21/2022,9:00,5,this task is rad!
A,tawtle,2/20/2022,4:00,4,yevyfyfuyey
A,zzzzz,12/22/2022,4:00,3,djd
A,888,12/4/2022,4:00,2,8789878
A,33,12/21/2022,4:31,0.5,fehwuru
Uzername,Erin,12/22/2022,18:00,0.15,Yippee!!!!!
Uzername,Erin 2 electric boogaloo,12/04/2022,16:00,4,double time awh yeah
